Покупатель,Сегмент покупателя
Monica Federle,Corporate
Beth Paige,Consumer
Bryan Davis,Corporate
Carlos Daly,Home Office
Muhammed MacIntyre,Small Business
Bryan Mills,Small Business
Fred Wasserman,Home Office
Filia McAdams,Small Business
Sanjit Chand,Home Office
Luke Weiss,Corporate
Rob Dowd,Corporate
Tony Chapman,Consumer
Khloe Miller,Consumer
Kristina Nunn,Consumer
Bobby Odegard,Corporate
Adam Bellavance,Small Business
Rick Reed,Consumer
Anthony O'Donnell,Consumer
Sally Knutson,Consumer
Justin Hirsh,Consumer
Cathy Armstrong,Consumer
Ivan Liston,Consumer
Sarah Jordon,Consumer
Jim Radford,Corporate
Grant Carroll,Corporate
Doug Bickford,Corporate
Sylvia Foulston,Corporate
Charles McCrossin,Corporate
Cindy Schnelling,Corporate
Brendan Dodson,Corporate
Jeremy Lonsdale,Corporate
Alan Barnes,Corporate
Jack Lebron,Corporate
Hilary Holden,Corporate
Joy Smith,Corporate
Erica Bern,Corporate
Evan Minnotte,Corporate
Guy Armstrong,Corporate
Greg Guthrie,Corporate
Jim Sink,Corporate
Sally Knutson,Corporate
Brian Moss,Corporate
Sonia Sunley,Corporate
Roy Skaria,Corporate
Lela Donovan,Corporate
Shahid Shariari,Corporate
Dana Kaydos,Corporate
Bruce Stewart,Corporate
Bill Eplett,Corporate
Thomas Seio,Home Office
Beth Thompson,Corporate
Helen Abelman,Home Office
Joy Smith,Consumer
Kimberly Carter,Small Business
Emily Grady,Home Office
Thomas Brumley,Consumer
Art Ferguson,Corporate
Mary O'Rourke,Home Office
Hallie Redmond,Small Business
Carlos Soltero,Consumer
Becky Castell,Consumer
Harold Engle,Consumer
Gene Hale,Consumer
Rob Haberlin,Consumer
Barry Weirich,Corporate
Dorothy Wardle,Corporate
Frank Price,Corporate
Carlos Daly,Corporate
Mike Pelletier,Corporate
Jamie Kunitz,Corporate
Don Jones,Corporate
Christopher Schild,Corporate
Dan Reichenbach,Corporate
Logan Haushalter,Corporate
Marina Lichtenstein,Corporate
Lisa DeCherney,Corporate
Liz Price,Corporate
Charles Sheldon,Corporate
Sean Wendt,Corporate
Lycoris Saunders,Corporate
Maria Bertelson,Corporate
Meg O'Connel,Corporate
Ivan Gibson,Corporate
Craig Carroll,Corporate
Bill Donatelli,Corporate
Annie Cyprus,Home Office
Andrew Gjertsen,Consumer
Nicole Hansen,Small Business
Joy Bell,Home Office
Julia West,Small Business
Susan Vittorini,Corporate
Chad Cunningham,Small Business
Carl Ludwig,Corporate
Claudia Miner,Small Business
Julia West,Consumer
Eugene Barchas,Corporate
Neola Schneider,Home Office
Cari Schnelling,Small Business
Harold Engle,Home Office
Frank Atkinson,Corporate
Greg Guthrie,Small Business
Carlos Soltero,Small Business
Jennifer Braxton,Small Business
Noah Childs,Home Office
Matt Collins,Consumer
Justin Knight,Corporate
Christina DeMoss,Home Office
Anna Andreadi,Small Business
Angele Hood,Consumer
Seth Vernon,Home Office
Jim Karlsson,Small Business
Kelly Williams,Corporate
Sarah Foster,Corporate
Alex Avila,Home Office
Barbara Fisher,Small Business
Christopher Martinez,Small Business
Mark Cousins,Home Office
Ricardo Emerson,Corporate
Ralph Kennedy,Corporate
Khloe Miller,Corporate
Vicky Freymann,Home Office
Neil Knudson,Corporate
Khloe Miller,Home Office
Sarah Bern,Corporate
Patrick O'Brill,Home Office
Liz Price,Consumer
Steve Carroll,Consumer
Matt Abelman,Home Office
Chad Sievert,Corporate
Nathan Cano,Consumer
Roland Black,Small Business
Bart Watters,Corporate
Hallie Redmond,Home Office
Ken Lonsdale,Consumer
Guy Thornton,Corporate
Maria Bertelson,Home Office
Joseph Airdo,Corporate
Rob Beeghly,Consumer
Christina Vanderzanden,Small Business
Russell Applegate,Home Office
Joel Jenkins,Corporate
Brad Eason,Small Business
Barry French,Consumer
Ralph Knight,Consumer
Edward Hooks,Consumer
Ralph Arnett,Consumer
Dennis Bolton,Consumer
Peter Buhler,Consumer
Shahid Shariari,Consumer
John Castell,Consumer
David Philippe,Consumer
Darren Koutras,Consumer
Hunter Lopez,Consumer
Julia Dunbar,Consumer
Katrina Bavinger,Consumer
Joseph Airdo,Consumer
Annie Thurman,Consumer
Bobby Odegard,Consumer
Clay Rozendal,Corporate
Carl Jackson,Corporate
Aaron Bergman,Corporate
Ann Chong,Corporate
Hunter Glantz,Corporate
Michelle Lonsdale,Corporate
Toby Braunhardt,Corporate
Chuck Magee,Corporate
Philip Brown,Corporate
Paul Gonzalez,Corporate
Julie Creighton,Corporate
Rob Haberlin,Corporate
Rick Duston,Corporate
Stewart Carmichael,Corporate
Alex Avila,Corporate
Anthony O'Donnell,Corporate
Giulietta Weimer,Corporate
Mark Cousins,Corporate
Heather Jas,Corporate
Chuck Clark,Corporate
John Grady,Corporate
Michael Granlund,Corporate
Maya Herman,Corporate
Brad Norvell,Corporate
Ken Heidel,Corporate
Mike Kennedy,Corporate
Theone Pippenger,Corporate
Nathan Mautz,Corporate
Liz Thompson,Corporate
Mary Zewe,Corporate
Helen Andreada,Corporate
Liz MacKendrick,Corporate
Sean O'Donnell,Corporate
Shirley Schmidt,Corporate